training_mode,mode_directory,pde,case,profile,variant,params,width,head_hidden,best_epoch,selection_metric,test_mse,test_rel_l2,test_pde_mse,test_pde_mse_absolute,error_mean_abs,error_max_abs,residual_mean_abs,residual_max_abs,elapsed_s
data,DataOnly,Poisson,Steady1D,baseline,FNO,10007,23,35,1200,val_mse,0.05211672931909561,0.24848604202270508,1.4031915664672852,16060.8984375,0.08044246840290725,0.20251549780368805,65.37886643409729,365.6437683105469,41.063782799988985
data,DataOnly,Poisson,Steady1D,baseline,CFNO,10029,19,7,97,val_mse,0.06755368411540985,0.3891752362251282,0.2905271649360657,3325.3671875,0.3593644122593105,0.5804490447044373,36.07926008477807,86.80847930908203,53.70880260015838
data,DataOnly,Poisson,Steady1D,baseline,HF_FNO,10003,11,100,1199,val_mse,0.019526630640029907,0.1866837739944458,1.3433459997177124,15375.9091796875,0.09351807902567089,0.32863709330558777,73.71958963572979,350.8459167480469,65.4756568998564
data,DataOnly,Poisson,Steady1D,baseline,HF_CFNO,10029,11,8,1193,val_mse,0.010516246780753136,0.17109094560146332,2.2726142406463623,26012.29296875,0.07993027579504997,0.2296978235244751,70.03687938302755,288.8756408691406,74.61309450003318
data,DataOnly,KdV,Steady1D,baseline,FNO,10005,23,34,1193,val_mse,0.5553431510925293,1.2556577920913696,58.17041778564453,4221.6025390625,0.7322567768860608,1.4745984077453613,50.62778343260288,284.1288757324219,45.76482650000253
data,DataOnly,KdV,Steady1D,baseline,CFNO,10027,19,6,1154,val_mse,0.8454630970954895,1.521846055984497,56.25685119628906,4082.7294921875,0.613313541514799,2.0165863037109375,37.93807328864932,199.10543823242188,53.34597790001135
data,DataOnly,KdV,Steady1D,baseline,HF_FNO,10001,11,99,736,val_mse,0.42270106077194214,1.1338834762573242,225.19400024414062,16343.009765625,0.6260126426350325,1.4069483280181885,46.2657934166491,184.71974182128906,73.05668310000328
data,DataOnly,KdV,Steady1D,baseline,HF_CFNO,10027,11,7,1051,val_mse,0.4369494616985321,1.1133551597595215,45.55946731567383,3306.38818359375,0.6320606521330774,1.5741472244262695,32.8908551633358,190.54278564453125,84.36294619999535
data,DataOnly,AllenCahn,Steady1D,baseline,FNO,10007,23,35,626,val_mse,0.4140373468399048,0.9740806818008423,1.5479493141174316,1.5479493141174316,0.39317974320147187,1.2222541570663452,0.7619594760471955,8.314364433288574,41.78432140000223
data,DataOnly,AllenCahn,Steady1D,baseline,CFNO,10029,19,7,742,val_mse,0.4705885648727417,1.204277515411377,1.504632592201233,1.504632592201233,0.7225685538724065,3.0636396408081055,1.0533856099937111,11.794095993041992,53.54067789998953
data,DataOnly,AllenCahn,Steady1D,baseline,HF_FNO,10003,11,100,439,val_mse,0.3437686860561371,1.053035855293274,0.2540263831615448,0.2540263831615448,0.6625410094857216,1.5101802349090576,0.5603601998882368,1.8854361772537231,72.61738150000747
data,DataOnly,AllenCahn,Steady1D,baseline,HF_CFNO,10029,11,8,959,val_mse,0.3368416130542755,0.9361068606376648,0.2536376714706421,0.2536376714706421,0.7983915887307376,2.0540056228637695,0.7496786927804351,6.737086772918701,80.00285249999433
data,DataOnly,Burgers,Steady1D,baseline,FNO,10007,23,35,615,val_mse,0.9679946899414062,1.4650678634643555,34.39357376098633,456.84356689453125,0.3378526191227138,0.7891517281532288,5.2004327569156885,14.625940322875977,37.994774099905044
data,DataOnly,Burgers,Steady1D,baseline,CFNO,10029,19,7,1014,val_mse,0.8775519728660583,1.5770515203475952,5.062546730041504,67.2448959350586,0.5352862973231822,1.4376792907714844,4.583155467174947,21.046632766723633,49.71123979985714
data,DataOnly,Burgers,Steady1D,baseline,HF_FNO,10003,11,100,670,val_mse,0.41904452443122864,1.16208016872406,4.174306392669678,55.44654846191406,0.4464890444651246,1.095639705657959,3.603073195554316,15.318048477172852,68.03890000004321
data,DataOnly,Burgers,Steady1D,baseline,HF_CFNO,10029,11,8,750,val_mse,0.44832175970077515,1.1286442279815674,2.9981095790863037,39.823341369628906,0.5574781424365938,1.1257736682891846,4.125485527329147,12.167899131774902,75.3330777999945
data,DataOnly,ReactionDiffusion,Steady1D,baseline,FNO,10007,23,35,1190,val_mse,0.41004079580307007,1.0176976919174194,39.0597038269043,39.0597038269043,0.3856589805800468,1.0685346126556396,1.9493603007867932,14.224459648132324,40.58919230000174
data,DataOnly,ReactionDiffusion,Steady1D,baseline,CFNO,10029,19,7,1175,val_mse,0.3483840227127075,1.0064293146133423,5.004804611206055,5.004804611206055,0.20605861803051084,0.638395369052887,1.2322824830189347,8.903034210205078,53.64943229999335
data,DataOnly,ReactionDiffusion,Steady1D,baseline,HF_FNO,10003,11,100,333,val_mse,0.2557564973831177,0.8980199098587036,5.037229537963867,5.037229537963867,0.33960725483484566,0.9211178421974182,1.2545204521156847,5.703738212585449,113.48390160000417
data,DataOnly,ReactionDiffusion,Steady1D,baseline,HF_CFNO,10029,11,8,513,val_mse,0.3026667833328247,0.9208263754844666,3.4851653575897217,3.4851653575897217,0.4229678572155535,0.9497075080871582,1.2870091311633587,5.052810192108154,81.90723490000528
data,DataOnly,KdV,HighNonlinear_Steady1D,high_nonlinear,FNO,9999,19,40,1200,val_mse,7.641253471374512,3.1150312423706055,15.307286262512207,401874.9375,1.9581213677302003,4.80810022354126,298.53247062365216,1905.390380859375,42.663249099990935
data,DataOnly,KdV,HighNonlinear_Steady1D,high_nonlinear,CFNO,10168,16,3,1183,val_mse,8.524641036987305,3.388709545135498,15.300518035888672,401697.21875,2.783014510603001,4.830894947052002,370.4475787480672,3114.31640625,53.15583830000833
data,DataOnly,KdV,HighNonlinear_Steady1D,high_nonlinear,HF_FNO,9991,9,139,1037,val_mse,1.493105411529541,1.3761053085327148,16.606918334960938,435995.21875,0.9704442213599881,3.7079391479492188,329.84995609521866,1613.59228515625,69.84161990000575
data,DataOnly,KdV,HighNonlinear_Steady1D,high_nonlinear,HF_CFNO,10167,9,51,1174,val_mse,2.4856905937194824,1.9188179969787598,14.564619064331055,382377.0,1.5015796259976923,3.9669559001922607,307.7733787695567,1583.409912109375,83.98174279999512
data,DataOnly,AllenCahn,HighNonlinear_Steady1D,high_nonlinear,FNO,10127,19,47,1180,val_mse,1.391998291015625,1.4522851705551147,28.487689971923828,208.7021484375,0.9679417478231093,3.0769455432891846,2.06751596275717,10.432987213134766,40.39561510000203
data,DataOnly,AllenCahn,HighNonlinear_Steady1D,high_nonlinear,CFNO,10170,16,4,1200,val_mse,2.117856025695801,1.8115547895431519,121.86748504638672,892.8067626953125,1.1227339582207303,3.208258628845215,4.091965849821766,19.042390823364258,56.12259939999785
data,DataOnly,AllenCahn,HighNonlinear_Steady1D,high_nonlinear,HF_FNO,10125,9,152,813,val_mse,0.7382345199584961,1.117405652999878,5.325003623962402,39.011226654052734,0.6190447729701797,2.3563382625579834,0.9886367826256901,6.493859767913818,74.53124399999797
data,DataOnly,AllenCahn,HighNonlinear_Steady1D,high_nonlinear,HF_CFNO,10169,9,52,1079,val_mse,0.7618341445922852,1.1499148607254028,2.2705178260803223,16.6339168548584,0.5851886463739598,2.3052897453308105,0.9692098790158828,5.90090799331665,89.06503689999226
data,DataOnly,Burgers,HighNonlinear_Steady1D,high_nonlinear,FNO,10127,19,47,1195,val_mse,1.607887625694275,1.6001871824264526,3.3160719871520996,4206.1806640625,1.1439675968140364,2.966402769088745,37.63694790750742,263.09033203125,43.09215190001123
data,DataOnly,Burgers,HighNonlinear_Steady1D,high_nonlinear,CFNO,10170,16,4,1189,val_mse,9.531883239746094,3.616151809692383,77.63320922851562,98471.7109375,1.8978037501995761,5.941619396209717,125.25819195558627,3148.099853515625,53.58285109999997
data,DataOnly,Burgers,HighNonlinear_Steady1D,high_nonlinear,HF_FNO,10125,9,152,1197,val_mse,1.109031081199646,1.3657459020614624,3.1685898303985596,4019.111083984375,0.8525684918276966,2.3860809803009033,38.94971929242214,219.20892333984375,66.53356789999816
data,DataOnly,Burgers,HighNonlinear_Steady1D,high_nonlinear,HF_CFNO,10169,9,52,1175,val_mse,1.1733934879302979,1.3965599536895752,2.2104556560516357,2803.791748046875,0.9060066300444305,2.4406356811523438,35.81592018033067,133.8771209716797,76.5613188999996
data,DataOnly,ReactionDiffusion,HighNonlinear_Steady1D,high_nonlinear,FNO,10127,19,47,1140,val_mse,2.1699068546295166,1.8018494844436646,28.2043399810791,375.0045166015625,1.193606600475808,3.212583065032959,9.536927653631816,50.57680892944336,42.459468000000925
data,DataOnly,ReactionDiffusion,HighNonlinear_Steady1D,high_nonlinear,CFNO,10170,16,4,1200,val_mse,5.840122222900391,3.1543073654174805,89.6697998046875,1192.248291015625,1.9042172304665048,4.849158763885498,14.868359635273615,58.42689895629883,51.89198580000084
data,DataOnly,ReactionDiffusion,HighNonlinear_Steady1D,high_nonlinear,HF_FNO,10125,9,152,1194,val_mse,1.0983500480651855,1.3635261058807373,2.856769561767578,37.98357009887695,0.7954720271130403,2.2378642559051514,4.703567944467068,15.314449310302734,70.13853000001109
data,DataOnly,ReactionDiffusion,HighNonlinear_Steady1D,high_nonlinear,HF_CFNO,10169,9,52,1162,val_mse,1.2842071056365967,1.4705677032470703,3.9139795303344727,52.04022216796875,1.1390689645583432,2.6452999114990234,5.104502482960622,22.845048904418945,82.22358140000142
