"training_mode","mode_directory","pde","case","profile","variant","params_707","params_10k","test_rel_l2_707","test_rel_l2_10k","ratio_10k_over_707","improved","test_pde_mse_707","test_pde_mse_10k","error_mean_abs_10k","error_max_abs_10k","residual_mean_abs_10k","residual_max_abs_10k"
"pde","PhysicsOnly","Poisson","Steady1D","baseline","FNO","715","10007","0.4632350504398346","0.5957628488540649","1.2860919058011635","False","0.028956260532140732","0.01598258875310421","0.3481887897942215","0.6249497532844543","13.692472152411938","184.1827850341797"
"pde","PhysicsOnly","Poisson","Steady1D","baseline","CFNO","719","10029","2.34706974029541","0.5149427652359009","0.21939815268168744","True","0.05529114231467247","0.007375610060989857","0.3542093182913959","0.6457879543304443","7.052712492644787","18.139179229736328"
"pde","PhysicsOnly","Poisson","Steady1D","baseline","HF_FNO","715","10003","0.8798438310623169","0.6469346284866333","0.7352834737791243","True","0.04356641322374344","0.006916783284395933","0.36859919427661225","0.7483386397361755","27.996467009186745","331.7014465332031"
"pde","PhysicsOnly","Poisson","Steady1D","baseline","HF_CFNO","719","10029","0.328243613243103","0.5245007276535034","1.5979007861610666","False","0.018796369433403015","0.003914262168109417","0.35127601912245154","0.6640169620513916","8.876275926828384","51.37913131713867"
"pde","PhysicsOnly","KdV","Steady1D","baseline","FNO","713","10005","3.3388984203338623","2.718179225921631","0.8140946155678002","True","3.053928852081299","1.8328884840011597","1.7632608052808791","3.3229739665985107","7.2692738538607955","25.693166732788086"
"pde","PhysicsOnly","KdV","Steady1D","baseline","CFNO","706","10027","3.385255813598633","2.4086036682128906","0.7114982739376702","True","5.971651077270508","1.2865616083145142","1.5825702727306634","3.3573122024536133","6.619116660673171","28.996644973754883"
"pde","PhysicsOnly","KdV","Steady1D","baseline","HF_FNO","713","10001","5.7820210456848145","2.790144920349121","0.4825553034663263","True","47.33180236816406","1.1558072566986084","1.1166659509763122","2.7522058486938477","45.13538672449067","1116.3927001953125"
"pde","PhysicsOnly","KdV","Steady1D","baseline","HF_CFNO","705","10027","4.703225612640381","2.798764228820801","0.5950733516374054","True","9.727947235107422","1.7690383195877075","1.4824924154672772","3.0701980590820312","18.35913846362382","255.25961303710938"
"pde","PhysicsOnly","AllenCahn","Steady1D","baseline","FNO","715","10007","1.4433881044387817","1.6997156143188477","1.1775873786764588","False","0.9239748120307922","23.091289520263672","0.7293120035901666","1.5106476545333862","0.8160807578242384","6.8804473876953125"
"pde","PhysicsOnly","AllenCahn","Steady1D","baseline","CFNO","719","10029","4.1136932373046875","1.3979051113128662","0.3398175388082123","True","167406.65625","1.9681357145309448","1.1642811140045524","2.6002416610717773","0.8308583291945979","4.893004417419434"
"pde","PhysicsOnly","AllenCahn","Steady1D","baseline","HF_FNO","715","10003","6.112438201904297","1.4477200508117676","0.23684821064706033","True","744423.625","0.5822288393974304","1.0766019357834011","3.4717445373535156","1.4181198198348284","29.473182678222656"
"pde","PhysicsOnly","AllenCahn","Steady1D","baseline","HF_CFNO","719","10029","2.0623555183410645","1.4893205165863037","0.7221453834420829","True","3.0760772228240967","0.7159810066223145","0.9729231565725058","2.079676389694214","0.6781121654203162","5.441919326782227"
"pde","PhysicsOnly","Burgers","Steady1D","baseline","FNO","715","10007","1.403372883796692","1.0909677743911743","0.7773898063639827","True","3.052881956100464","1.4223761558532715","0.5084019668865949","1.7165021896362305","1.74496687669307","4.850862503051758"
"pde","PhysicsOnly","Burgers","Steady1D","baseline","CFNO","719","10029","4.509189605712891","1.2455174922943115","0.2762175914528656","True","172.0269775390625","1.1912450790405273","0.5126354445237666","1.6704254150390625","2.2879424449056387","9.582837104797363"
"pde","PhysicsOnly","Burgers","Steady1D","baseline","HF_FNO","715","10003","6.109434127807617","1.1937700510025024","0.19539781034203396","True","437.2809753417969","0.6505447626113892","0.38294223428238183","1.4045276641845703","4.496705920435488","110.68122100830078"
"pde","PhysicsOnly","Burgers","Steady1D","baseline","HF_CFNO","719","10029","1.7900607585906982","1.1231940984725952","0.6274614384356862","True","1.837320327758789","1.045160174369812","0.49074775190092623","1.853623390197754","2.701876003295183","11.472127914428711"
"pde","PhysicsOnly","ReactionDiffusion","Steady1D","baseline","FNO","715","10007","1.7020485401153564","1.0294208526611328","0.6048128642625925","True","0.8671250939369202","0.7954797148704529","0.3988439354579896","0.9131208062171936","0.7755266317981295","3.49507212638855"
"pde","PhysicsOnly","ReactionDiffusion","Steady1D","baseline","CFNO","719","10029","3.7943367958068848","1.6938800811767578","0.44642322817749386","True","1724.3741455078125","1.0723860263824463","0.6888202866539359","1.2587743997573853","1.0335528379655443","4.789718151092529"
"pde","PhysicsOnly","ReactionDiffusion","Steady1D","baseline","HF_FNO","715","10003","6.34597110748291","1.0142951011657715","0.1598329213900385","True","3326.902587890625","0.8501546382904053","0.6404839378083125","1.2358061075210571","1.634686440229416","30.58002281188965"
"pde","PhysicsOnly","ReactionDiffusion","Steady1D","baseline","HF_CFNO","719","10029","2.119384765625","1.68248450756073","0.7938551483664037","True","0.9552478194236755","0.9696124792098999","0.8926979334792122","1.7695932388305664","1.3578142561018467","12.535521507263184"
"pde","PhysicsOnly","KdV","HighNonlinear_Steady1D","high_nonlinear","FNO","710","9999","9.699254989624023","5.229741096496582","0.5391899792397669","True","5.946427345275879","2.142993927001953","3.756756425369531","5.60978889465332","151.52391236027083","675.80615234375"
"pde","PhysicsOnly","KdV","HighNonlinear_Steady1D","high_nonlinear","CFNO","707","10168","7.541016578674316","5.930211067199707","0.7863941161421258","True","3.0903260707855225","3.7824149131774902","4.645889157274117","7.503543853759766","204.8116947809855","910.5390625"
"pde","PhysicsOnly","KdV","HighNonlinear_Steady1D","high_nonlinear","HF_FNO","710","9991","5.471615791320801","2.6739964485168457","0.48870325521729774","True","2.8225231170654297","1.3206701278686523","1.5038017962748806","4.067080497741699","226.24349297086397","5530.24853515625"
"pde","PhysicsOnly","KdV","HighNonlinear_Steady1D","high_nonlinear","HF_CFNO","705","10167","5.26966667175293","3.212826728820801","0.6096831031159071","True","2.304811716079712","1.8838372230529785","2.227385933510959","4.0934858322143555","167.02909009655318","1441.617919921875"
"pde","PhysicsOnly","AllenCahn","HighNonlinear_Steady1D","high_nonlinear","FNO","712","10127","4.503389835357666","2.498136520385742","0.5547235775086605","True","18290.771484375","173.63720703125","1.4905728919742007","4.726943492889404","21.983521280655015","188.30435180664062"
"pde","PhysicsOnly","AllenCahn","HighNonlinear_Steady1D","high_nonlinear","CFNO","708","10170","3.123973846435547","4.043972015380859","1.2944961174995206","False","560.1893920898438","3080.143310546875","1.974724985503902","6.3898844718933105","41.84965656193284","483.0096130371094"
"pde","PhysicsOnly","AllenCahn","HighNonlinear_Steady1D","high_nonlinear","HF_FNO","712","10125","4.109299182891846","3.9759573936462402","0.9675512092668394","True","2196.924560546875","12.019556999206543","1.4951503995495539","26.675071716308594","436.4744574688375","37451.28125"
"pde","PhysicsOnly","AllenCahn","HighNonlinear_Steady1D","high_nonlinear","HF_CFNO","707","10169","4.520469665527344","1.8515315055847168","0.40958830444197286","True","12612.5654296875","2.355623722076416","1.1782093433042367","6.768096446990967","9.94783614987197","579.83154296875"
"pde","PhysicsOnly","Burgers","HighNonlinear_Steady1D","high_nonlinear","FNO","712","10127","3.237400531768799","1.8640251159667969","0.5757783436664727","True","4.713950157165527","1.8779592514038086","0.9017831666084627","2.6478099822998047","31.538550657530624","133.75143432617188"
"pde","PhysicsOnly","Burgers","HighNonlinear_Steady1D","high_nonlinear","CFNO","708","10170","2.814725160598755","2.6668505668640137","0.9474639315394883","True","3.480234384536743","2.990898609161377","1.2612215530437727","3.277614116668701","33.71737009038528","147.121337890625"
"pde","PhysicsOnly","Burgers","HighNonlinear_Steady1D","high_nonlinear","HF_FNO","712","10125","3.1116790771484375","1.7075132131576538","0.5487433539330251","True","3.537893056869507","0.9964864253997803","1.008532590077569","4.1524577140808105","63.6225988616546","3902.773193359375"
"pde","PhysicsOnly","Burgers","HighNonlinear_Steady1D","high_nonlinear","HF_CFNO","707","10169","2.7299728393554688","1.9528582096099854","0.7153397943955531","True","3.0983760356903076","1.593700885772705","0.8760759961636116","2.7024075984954834","35.38282076766094","1302.3004150390625"
"pde","PhysicsOnly","ReactionDiffusion","HighNonlinear_Steady1D","high_nonlinear","FNO","712","10127","4.906957149505615","3.0997719764709473","0.6317096078133176","True","1056.3143310546875","497.2843017578125","1.234099508204963","3.7000348567962646","9.894126880293092","37.624061584472656"
"pde","PhysicsOnly","ReactionDiffusion","HighNonlinear_Steady1D","high_nonlinear","CFNO","708","10170","4.677416801452637","5.017476558685303","1.072702470544651","False","1254.289306640625","1130.3370361328125","2.943441428399334","9.908645629882812","44.55741925227145","339.748046875"
"pde","PhysicsOnly","ReactionDiffusion","HighNonlinear_Steady1D","high_nonlinear","HF_FNO","712","10125","3.196800470352173","3.5591235160827637","1.1133392744060362","False","105.3766860961914","7.061771869659424","1.6021030542130272","19.49799346923828","18.6550598917529","979.606201171875"
"pde","PhysicsOnly","ReactionDiffusion","HighNonlinear_Steady1D","high_nonlinear","HF_CFNO","707","10169","5.415894031524658","2.596911907196045","0.4794982863549444","True","1338.2081298828125","5.182389736175537","1.4739718907512724","9.562870025634766","8.525484947798153","275.8940124511719"
"hybrid","Hybrid","Poisson","Steady1D","baseline","FNO","715","10007","0.38117754459381104","0.2141769528388977","0.5618823980492559","True","0.1579233855009079","0.33767709136009216","0.04717652263934724","0.10129103064537048","38.56866355240345","309.9762268066406"
"hybrid","Hybrid","Poisson","Steady1D","baseline","CFNO","719","10029","0.47027766704559326","0.26875269412994385","0.5714766253271567","True","0.3525007367134094","0.1995573490858078","0.048985099769197404","0.1358335018157959","17.915281526744366","49.89098358154297"
"hybrid","Hybrid","Poisson","Steady1D","baseline","HF_FNO","715","10003","0.4175134301185608","0.18394291400909424","0.4405676578041099","True","0.3054191470146179","0.1570872962474823","0.06135103409178555","0.2697087526321411","54.33136960864067","512.7229614257812"
"hybrid","Hybrid","Poisson","Steady1D","baseline","HF_CFNO","719","10029","0.2818835377693176","0.1604064404964447","0.5690521758234601","True","0.07231695204973221","0.1696532666683197","0.09760924219153821","0.2427496612071991","33.789534367620945","182.1835174560547"
"hybrid","Hybrid","KdV","Steady1D","baseline","FNO","713","10005","2.6926090717315674","1.3402889966964722","0.49776590696641937","True","6.934818744659424","3.2533533573150635","0.6620690952986479","1.6670188903808594","14.699295590631664","82.08319091796875"
"hybrid","Hybrid","KdV","Steady1D","baseline","CFNO","706","10027","2.184311628341675","1.5666955709457397","0.7172491097962849","True","3.449420690536499","5.669814109802246","0.632585575338453","1.3672086000442505","10.075985163450241","30.19987678527832"
"hybrid","Hybrid","KdV","Steady1D","baseline","HF_FNO","713","10001","3.674804210662842","0.9038668870925903","0.2459632773005764","True","8.399258613586426","4.858734130859375","0.597082587890327","1.395157814025879","9.479651775211096","36.79230499267578"
"hybrid","Hybrid","KdV","Steady1D","baseline","HF_CFNO","705","10027","3.4043517112731934","1.6258394718170166","0.47757682216946057","True","13.209432601928711","8.57660961151123","0.7963273650966585","1.9664679765701294","16.270109832286835","96.55873107910156"
"hybrid","Hybrid","AllenCahn","Steady1D","baseline","FNO","715","10007","1.1402008533477783","1.0881006717681885","0.9543061370050575","True","1.1328901052474976","0.48074808716773987","0.5950401788577437","1.229232668876648","0.79003001737874","3.1710832118988037"
"hybrid","Hybrid","AllenCahn","Steady1D","baseline","CFNO","719","10029","4.110334873199463","1.1094970703125","0.2699286322257421","True","167401.875","0.38254690170288086","0.5476791082182899","2.0777626037597656","0.5078470322769135","2.039475917816162"
"hybrid","Hybrid","AllenCahn","Steady1D","baseline","HF_FNO","715","10003","6.010837554931641","1.0020995140075684","0.16671545435217885","True","744419.875","0.23239931464195251","0.5349116870202124","1.3319084644317627","0.47823116939980537","2.0473544597625732"
"hybrid","Hybrid","AllenCahn","Steady1D","baseline","HF_CFNO","719","10029","1.4744610786437988","1.196783423423767","0.8116751542363952","True","2.9784111976623535","0.29813438653945923","0.5708101978525519","2.3853883743286133","0.6766760253813118","10.027325630187988"
"hybrid","Hybrid","Burgers","Steady1D","baseline","FNO","715","10007","1.376204252243042","1.4020614624023438","1.018788788159285","False","2.112687587738037","2.820836067199707","0.265201946021989","0.5887668132781982","2.3542708307504654","7.075131893157959"
"hybrid","Hybrid","Burgers","Steady1D","baseline","CFNO","719","10029","3.8716883659362793","1.1571840047836304","0.29888356071338706","True","172.4417724609375","2.2599704265594482","0.5590734928846359","1.4186787605285645","4.127478143200278","17.97159767150879"
"hybrid","Hybrid","Burgers","Steady1D","baseline","HF_FNO","715","10003","5.573798656463623","1.1695752143859863","0.2098344928605728","True","460.92767333984375","1.3851349353790283","0.5394613769603893","1.0685770511627197","3.6817639665678144","23.235767364501953"
"hybrid","Hybrid","Burgers","Steady1D","baseline","HF_CFNO","719","10029","1.4509633779525757","1.29219388961792","0.8905765019660992","True","1.5209628343582153","1.6437102556228638","0.4080213645938784","1.0359123945236206","2.7853509560227394","9.744521141052246"
"hybrid","Hybrid","ReactionDiffusion","Steady1D","baseline","FNO","715","10007","1.0976718664169312","0.9658094644546509","0.8798708375457309","True","1.7972705364227295","2.2332417964935303","0.21184007450938225","0.622380256652832","0.9539806886459701","6.87795352935791"
"hybrid","Hybrid","ReactionDiffusion","Steady1D","baseline","CFNO","719","10029","3.9309403896331787","0.8506078720092773","0.21638788373706502","True","1719.427734375","0.897097110748291","0.2014693827368319","0.8040810227394104","0.6432343311607838","3.706815004348755"
"hybrid","Hybrid","ReactionDiffusion","Steady1D","baseline","HF_FNO","715","10003","6.0076165199279785","0.8809001445770264","0.1466305550054628","True","3243.41162109375","1.7090110778808594","0.27890443766955286","0.769356906414032","0.6360920830629766","1.8072888851165771"
"hybrid","Hybrid","ReactionDiffusion","Steady1D","baseline","HF_CFNO","719","10029","1.3026189804077148","0.9485584497451782","0.7281933274519637","True","1.0093612670898438","1.0545095205307007","0.4448843852151185","1.0755447149276733","0.9759730198420584","3.194719076156616"
"hybrid","Hybrid","KdV","HighNonlinear_Steady1D","high_nonlinear","FNO","710","9999","6.687148094177246","3.0101308822631836","0.45013671596180427","True","16.900249481201172","27.948259353637695","1.7561328726199765","4.804699420928955","414.18266514937085","6897.20947265625"
"hybrid","Hybrid","KdV","HighNonlinear_Steady1D","high_nonlinear","CFNO","707","10168","4.678593635559082","3.330077648162842","0.7117689433108684","True","8.579937934875488","5.62089729309082","2.7116796610256038","4.911158084869385","286.69668368498486","1989.9775390625"
"hybrid","Hybrid","KdV","HighNonlinear_Steady1D","high_nonlinear","HF_FNO","710","9991","4.484171390533447","1.4465458393096924","0.32258932884757735","True","6.890934467315674","5.764137268066406","0.9626235424851378","3.7022619247436523","221.8082238038381","1053.07568359375"
"hybrid","Hybrid","KdV","HighNonlinear_Steady1D","high_nonlinear","HF_CFNO","705","10167","4.6070404052734375","1.9680240154266357","0.427177502757289","True","9.80836296081543","7.312915325164795","1.4446972458002467","3.816121816635132","310.79603147506714","2697.617431640625"
"hybrid","Hybrid","AllenCahn","HighNonlinear_Steady1D","high_nonlinear","FNO","712","10127","4.432350158691406","1.9874262809753418","0.4483910814397623","True","16963.09375","180.90673828125","1.3488616893688838","4.271553993225098","18.487607430511463","161.1476287841797"
"hybrid","Hybrid","AllenCahn","HighNonlinear_Steady1D","high_nonlinear","CFNO","708","10170","3.1519856452941895","3.863276958465576","1.225664515393121","False","623.4505615234375","2220.23193359375","1.8572917338072632","6.172088146209717","39.91523063012088","433.647705078125"
"hybrid","Hybrid","AllenCahn","HighNonlinear_Steady1D","high_nonlinear","HF_FNO","712","10125","4.099313735961914","1.2991353273391724","0.31691532071387724","True","2165.892333984375","1.9632257223129272","0.789040598863115","2.0611572265625","1.211385798174888","6.315986156463623"
"hybrid","Hybrid","AllenCahn","HighNonlinear_Steady1D","high_nonlinear","HF_CFNO","707","10169","4.484964370727539","1.259948492050171","0.2809272020695641","True","10980.724609375","0.7343315482139587","0.8002823712304235","1.9379150867462158","1.0976367522962391","6.862702369689941"
"hybrid","Hybrid","Burgers","HighNonlinear_Steady1D","high_nonlinear","FNO","712","10127","2.899895429611206","1.6352626085281372","0.5639039917888969","True","5.1431965827941895","2.5160272121429443","1.0667183908323448","2.958975315093994","43.374251533920564","280.7962341308594"
"hybrid","Hybrid","Burgers","HighNonlinear_Steady1D","high_nonlinear","CFNO","708","10170","2.3162384033203125","3.035374641418457","1.3104759152025403","False","5.731492042541504","27.72854232788086","1.6619534422643483","6.567065715789795","111.90842715402444","2867.61279296875"
"hybrid","Hybrid","Burgers","HighNonlinear_Steady1D","high_nonlinear","HF_FNO","712","10125","2.663850784301758","1.3818087577819824","0.5187260359795937","True","3.8101043701171875","2.1100947856903076","0.9775329975721737","2.402392625808716","41.058860252300896","113.31419372558594"
"hybrid","Hybrid","Burgers","HighNonlinear_Steady1D","high_nonlinear","HF_CFNO","707","10169","2.4941649436950684","1.3768179416656494","0.5520155934939548","True","7.054098606109619","1.4129592180252075","0.8918051730530957","2.5575637817382812","33.1783749970297","169.6741180419922"
"hybrid","Hybrid","ReactionDiffusion","HighNonlinear_Steady1D","high_nonlinear","FNO","712","10127","4.727336883544922","1.9317724704742432","0.40863863059948696","True","915.1854858398438","53.22351837158203","0.9927645724577209","3.2756571769714355","7.9010116080753505","20.732070922851562"
"hybrid","Hybrid","ReactionDiffusion","HighNonlinear_Steady1D","high_nonlinear","CFNO","708","10170","4.005702018737793","3.923614978790283","0.9795074522359565","True","305.95037841796875","340.8360290527344","2.0931912031956017","7.202540874481201","18.051325753020745","167.51602172851562"
"hybrid","Hybrid","ReactionDiffusion","HighNonlinear_Steady1D","high_nonlinear","HF_FNO","712","10125","3.0947775840759277","1.2450988292694092","0.40232255644994414","True","105.16159057617188","2.3326103687286377","0.8635374718966583","2.3960962295532227","4.605239034009476","19.033897399902344"
"hybrid","Hybrid","ReactionDiffusion","HighNonlinear_Steady1D","high_nonlinear","HF_CFNO","707","10169","5.38038969039917","1.2584279775619507","0.2338916045072914","True","1268.8978271484375","2.641838550567627","0.9415512098154674","2.404783248901367","4.2626345011716085","18.173986434936523"
"data","DataOnly","Poisson","Steady1D","baseline","FNO","715","10007","0.39256393909454346","0.24848604202270508","0.6329823431969912","True","0.7088981866836548","1.4031915664672852","0.08044246840290725","0.20251549780368805","65.37886643409729","365.6437683105469"
"data","DataOnly","Poisson","Steady1D","baseline","CFNO","719","10029","0.5064348578453064","0.3891752362251282","0.768460602970588","True","0.6098161339759827","0.2905271649360657","0.3593644122593105","0.5804490447044373","36.07926008477807","86.80847930908203"
"data","DataOnly","Poisson","Steady1D","baseline","HF_FNO","715","10003","0.4403764307498932","0.1866837739944458","0.42391863178633815","True","0.9760362505912781","1.3433459997177124","0.09351807902567089","0.32863709330558777","73.71958963572979","350.8459167480469"
"data","DataOnly","Poisson","Steady1D","baseline","HF_CFNO","719","10029","0.323841392993927","0.17109094560146332","0.5283170999844106","True","0.2082241177558899","2.2726142406463623","0.07993027579504997","0.2296978235244751","70.03687938302755","288.8756408691406"
"data","DataOnly","KdV","Steady1D","baseline","FNO","713","10005","2.7893550395965576","1.2556577920913696","0.4501606193068142","True","92.85946655273438","58.17041778564453","0.7322567768860608","1.4745984077453613","50.62778343260288","284.1288757324219"
"data","DataOnly","KdV","Steady1D","baseline","CFNO","706","10027","2.3867130279541016","1.521846055984497","0.6376326094339999","True","18.242900848388672","56.25685119628906","0.613313541514799","2.0165863037109375","37.93807328864932","199.10543823242188"
"data","DataOnly","KdV","Steady1D","baseline","HF_FNO","713","10001","2.732447385787964","1.1338834762573242","0.4149699211611143","True","182.95541381835938","225.19400024414062","0.6260126426350325","1.4069483280181885","46.2657934166491","184.71974182128906"
"data","DataOnly","KdV","Steady1D","baseline","HF_CFNO","705","10027","2.284600257873535","1.1133551597595215","0.48733040098481495","True","158.77716064453125","45.55946731567383","0.6320606521330774","1.5741472244262695","32.8908551633358","190.54278564453125"
"data","DataOnly","AllenCahn","Steady1D","baseline","FNO","715","10007","1.3128085136413574","0.9740806818008423","0.7419823010585295","True","2.149332046508789","1.5479493141174316","0.39317974320147187","1.2222541570663452","0.7619594760471955","8.314364433288574"
"data","DataOnly","AllenCahn","Steady1D","baseline","CFNO","719","10029","3.6321029663085938","1.204277515411377","0.3315648060041969","True","165610.296875","1.504632592201233","0.7225685538724065","3.0636396408081055","1.0533856099937111","11.794095993041992"
"data","DataOnly","AllenCahn","Steady1D","baseline","HF_FNO","715","10003","5.629755020141602","1.053035855293274","0.18704825547929216","True","810333.3125","0.2540263831615448","0.6625410094857216","1.5101802349090576","0.5603601998882368","1.8854361772537231"
"data","DataOnly","AllenCahn","Steady1D","baseline","HF_CFNO","719","10029","1.3294527530670166","0.9361068606376648","0.7041294686690355","True","1.4847586154937744","0.2536376714706421","0.7983915887307376","2.0540056228637695","0.7496786927804351","6.737086772918701"
"data","DataOnly","Burgers","Steady1D","baseline","FNO","715","10007","1.3957828283309937","1.4650678634643555","1.0496388361620763","False","1.9224576950073242","34.39357376098633","0.3378526191227138","0.7891517281532288","5.2004327569156885","14.625940322875977"
"data","DataOnly","Burgers","Steady1D","baseline","CFNO","719","10029","3.8138067722320557","1.5770515203475952","0.41351112275271756","True","173.7976531982422","5.062546730041504","0.5352862973231822","1.4376792907714844","4.583155467174947","21.046632766723633"
"data","DataOnly","Burgers","Steady1D","baseline","HF_FNO","715","10003","5.537727355957031","1.16208016872406","0.20984784804798848","True","486.4745788574219","4.174306392669678","0.4464890444651246","1.095639705657959","3.603073195554316","15.318048477172852"
"data","DataOnly","Burgers","Steady1D","baseline","HF_CFNO","719","10029","1.4541125297546387","1.1286442279815674","0.7761739238791997","True","2.149240732192993","2.9981095790863037","0.5574781424365938","1.1257736682891846","4.125485527329147","12.167899131774902"
"data","DataOnly","ReactionDiffusion","Steady1D","baseline","FNO","715","10007","1.230879306793213","1.0176976919174194","0.826805427876441","True","4.782987117767334","39.0597038269043","0.3856589805800468","1.0685346126556396","1.9493603007867932","14.224459648132324"
"data","DataOnly","ReactionDiffusion","Steady1D","baseline","CFNO","719","10029","3.882801055908203","1.0064293146133423","0.25920187517254456","True","1729.1827392578125","5.004804611206055","0.20605861803051084","0.638395369052887","1.2322824830189347","8.903034210205078"
"data","DataOnly","ReactionDiffusion","Steady1D","baseline","HF_FNO","715","10003","5.547917366027832","0.8980199098587036","0.16186612932587044","True","3520.583740234375","5.037229537963867","0.33960725483484566","0.9211178421974182","1.2545204521156847","5.703738212585449"
"data","DataOnly","ReactionDiffusion","Steady1D","baseline","HF_CFNO","719","10029","1.0791504383087158","0.9208263754844666","0.853288237483941","True","1.9643802642822266","3.4851653575897217","0.4229678572155535","0.9497075080871582","1.2870091311633587","5.052810192108154"
"data","DataOnly","KdV","HighNonlinear_Steady1D","high_nonlinear","FNO","710","9999","6.741297721862793","3.1150312423706055","0.4620818380811466","True","27.688570022583008","15.307286262512207","1.9581213677302003","4.80810022354126","298.53247062365216","1905.390380859375"
"data","DataOnly","KdV","HighNonlinear_Steady1D","high_nonlinear","CFNO","707","10168","4.7772722244262695","3.388709545135498","0.7093398462430028","True","25.67540740966797","15.300518035888672","2.783014510603001","4.830894947052002","370.4475787480672","3114.31640625"
"data","DataOnly","KdV","HighNonlinear_Steady1D","high_nonlinear","HF_FNO","710","9991","4.587701797485352","1.3761053085327148","0.29995526502768705","True","32.48697280883789","16.606918334960938","0.9704442213599881","3.7079391479492188","329.84995609521866","1613.59228515625"
"data","DataOnly","KdV","HighNonlinear_Steady1D","high_nonlinear","HF_CFNO","705","10167","4.7880425453186035","1.9188179969787598","0.4007520774548754","True","66.6563720703125","14.564619064331055","1.5015796259976923","3.9669559001922607","307.7733787695567","1583.409912109375"
"data","DataOnly","AllenCahn","HighNonlinear_Steady1D","high_nonlinear","FNO","712","10127","3.14508056640625","1.4522851705551147","0.4617640597406315","True","2208.828857421875","28.487689971923828","0.9679417478231093","3.0769455432891846","2.06751596275717","10.432987213134766"
"data","DataOnly","AllenCahn","HighNonlinear_Steady1D","high_nonlinear","CFNO","708","10170","2.288665771484375","1.8115547895431519","0.7915331334588973","True","442.3359375","121.86748504638672","1.1227339582207303","3.208258628845215","4.091965849821766","19.042390823364258"
"data","DataOnly","AllenCahn","HighNonlinear_Steady1D","high_nonlinear","HF_FNO","712","10125","2.5936923027038574","1.117405652999878","0.4308165821500921","True","749.2456665039062","5.325003623962402","0.6190447729701797","2.3563382625579834","0.9886367826256901","6.493859767913818"
"data","DataOnly","AllenCahn","HighNonlinear_Steady1D","high_nonlinear","HF_CFNO","707","10169","2.5609641075134277","1.1499148607254028","0.4490163908786346","True","571.2387084960938","2.2705178260803223","0.5851886463739598","2.3052897453308105","0.9692098790158828","5.90090799331665"
"data","DataOnly","Burgers","HighNonlinear_Steady1D","high_nonlinear","FNO","712","10127","3.013704538345337","1.6001871824264526","0.5309701605005477","True","7.20172119140625","3.3160719871520996","1.1439675968140364","2.966402769088745","37.63694790750742","263.09033203125"
"data","DataOnly","Burgers","HighNonlinear_Steady1D","high_nonlinear","CFNO","708","10170","2.4908342361450195","3.616151809692383","1.4517834054220242","False","8.94020938873291","77.63320922851562","1.8978037501995761","5.941619396209717","125.25819195558627","3148.099853515625"
"data","DataOnly","Burgers","HighNonlinear_Steady1D","high_nonlinear","HF_FNO","712","10125","2.919931173324585","1.3657459020614624","0.4677322241491216","True","7.226446628570557","3.1685898303985596","0.8525684918276966","2.3860809803009033","38.94971929242214","219.20892333984375"
"data","DataOnly","Burgers","HighNonlinear_Steady1D","high_nonlinear","HF_CFNO","707","10169","2.362759828567505","1.3965599536895752","0.5910714820880809","True","5.278718948364258","2.2104556560516357","0.9060066300444305","2.4406356811523438","35.81592018033067","133.8771209716797"
"data","DataOnly","ReactionDiffusion","HighNonlinear_Steady1D","high_nonlinear","FNO","712","10127","3.6647586822509766","1.8018494844436646","0.49166934051355554","True","353.76275634765625","28.2043399810791","1.193606600475808","3.212583065032959","9.536927653631816","50.57680892944336"
"data","DataOnly","ReactionDiffusion","HighNonlinear_Steady1D","high_nonlinear","CFNO","708","10170","2.8615965843200684","3.1543073654174805","1.1022893243238063","False","146.7856903076172","89.6697998046875","1.9042172304665048","4.849158763885498","14.868359635273615","58.42689895629883"
"data","DataOnly","ReactionDiffusion","HighNonlinear_Steady1D","high_nonlinear","HF_FNO","712","10125","2.5764756202697754","1.3635261058807373","0.5292214275786419","True","100.7447509765625","2.856769561767578","0.7954720271130403","2.2378642559051514","4.703567944467068","15.314449310302734"
"data","DataOnly","ReactionDiffusion","HighNonlinear_Steady1D","high_nonlinear","HF_CFNO","707","10169","3.0677919387817383","1.4705677032470703","0.4793570530832846","True","170.7070770263672","3.9139795303344727","1.1390689645583432","2.6452999114990234","5.104502482960622","22.845048904418945"
