mode,variant,seed,params,selected_epoch,training_s,inference_s,loss,mse,relative_l2,pde_mse,pde_mse_absolute,high_band_relative_l2,high_band_error_over_total_l2,reference_high_energy_fraction
hybrid,Core,20260924,87298,1200,52.846460197120905,0.003577069998718798,0.022414008155465126,0.011926095001399517,0.20827272534370422,0.20975825190544128,548.8887329101562,0.5200375914573669,0.024551045149564743,0.0024399731773883104
hybrid,Core,20260925,87298,520,59.629100806079805,0.00365387300029397,0.027220115065574646,0.01646875962615013,0.2347496896982193,0.2150270789861679,562.6761474609375,0.592997670173645,0.028023524209856987,0.0024399731773883104
hybrid,Core,20260926,87298,320,48.782293192110956,0.003469595001079142,0.03357041999697685,0.021938208490610123,0.27925050258636475,0.2326442152261734,608.7760620117188,0.5312544107437134,0.024855412542819977,0.0024399731773883104
hybrid,Core,20260927,87298,1200,53.16656881291419,0.0037014969997107984,0.03725527226924896,0.023810693994164467,0.28442102670669556,0.2688915729522705,703.6270141601562,0.5982156991958618,0.027945805341005325,0.0024399731773883104
hybrid,Core,20260928,87298,440,52.00511719984934,0.003617071001790464,0.02512318082153797,0.016921445727348328,0.24558931589126587,0.16403469443321228,429.2408142089844,0.5098265409469604,0.024085119366645813,0.0024399731773883104
hybrid,Core,20260929,87298,1140,49.72760830214247,0.003557323003187776,0.027364905923604965,0.018825965002179146,0.25176021456718445,0.17077884078025818,446.8886413574219,0.5314791202545166,0.024774719029664993,0.0024399731773883104
hybrid,Core,20260930,87298,400,51.40290309349075,0.004266773001290858,0.02932596392929554,0.01830454356968403,0.2501964569091797,0.22042840719223022,576.8099975585938,0.5466102361679077,0.02554035559296608,0.0024399731773883104
hybrid,Core,20260931,87298,660,49.50526218675077,0.0034400640008971097,0.03199189901351929,0.022329192608594894,0.2777101397514343,0.19325411319732666,505.70123291015625,0.5287252068519592,0.025011258199810982,0.0024399731773883104
hybrid,Core,20260932,87298,1140,51.5170280970633,0.003492136001586914,0.026485003530979156,0.016441883519291878,0.23149818181991577,0.20086237788200378,525.6102905273438,0.49003422260284424,0.023017069324851036,0.0024399731773883104
hybrid,Core,20260933,87298,1200,50.60870750481263,0.0036400069994851946,0.025291549041867256,0.015439649112522602,0.23033539950847626,0.19703799486160278,515.602783203125,0.5312604308128357,0.02472919411957264,0.0024399731773883104
hybrid,Band,20260924,548098,1000,95.69671430904418,0.007407463998533786,0.02196735329926014,0.011910635977983475,0.2084750086069107,0.2011343389749527,526.3219604492188,0.5542760491371155,0.026220325380563736,0.0024399731773883104
hybrid,Band,20260925,548098,520,91.08920369623229,0.006758588999509811,0.027132755145430565,0.016521481797099113,0.23571045696735382,0.21222546696662903,555.3449096679688,0.6161553859710693,0.029234038665890694,0.0024399731773883104
hybrid,Band,20260926,548098,320,88.9461011113599,0.006865230998955667,0.03334526717662811,0.021888848394155502,0.2790355682373047,0.22912834584712982,599.5758056640625,0.5476900339126587,0.025831477716565132,0.0024399731773883104
hybrid,Band,20260927,548098,1200,95.48112951265648,0.007464769999496639,0.03739583119750023,0.023558640852570534,0.28280940651893616,0.2767438292503357,724.1744995117188,0.5826085209846497,0.027310047298669815,0.0024399731773883104
hybrid,Band,20260928,548098,360,93.97313051205128,0.006981995003297925,0.024760715663433075,0.017045214772224426,0.24756500124931335,0.15431000292301178,403.7935485839844,0.5099779963493347,0.024263959378004074,0.0024399731773883104
hybrid,Band,20260929,548098,600,93.11083339480683,0.007157117002643645,0.02572922222316265,0.017247289419174194,0.24381862580776215,0.16963864862918854,443.9050598144531,0.5534303188323975,0.026075519621372223,0.0024399731773883104
hybrid,Band,20260930,548098,400,90.83638950064778,0.006827396997250617,0.029271068051457405,0.018100693821907043,0.24902021884918213,0.22340747714042664,584.6055908203125,0.5590735673904419,0.026357831433415413,0.0024399731773883104
hybrid,Band,20260931,548098,660,90.77534700604156,0.006995369996875524,0.03278598189353943,0.022819267585873604,0.2797521650791168,0.1993342936038971,521.6116943359375,0.5554858446121216,0.026431329548358917,0.0024399731773883104
hybrid,Band,20260932,548098,860,92.2806657999754,0.006826411997899413,0.02641475386917591,0.016111433506011963,0.2292792797088623,0.20606639981269836,539.22802734375,0.5084640383720398,0.02403225377202034,0.0024399731773883104
hybrid,Band,20260933,548098,1180,90.81736639188603,0.006821023002266884,0.02631184458732605,0.015917042270302773,0.2318430244922638,0.20789605379104614,544.0158081054688,0.5595144629478455,0.02618309110403061,0.0024399731773883104
hybrid,Local,20260924,87838,620,58.48176950169727,0.004277741000987589,0.024758972227573395,0.01616707257926464,0.2421419322490692,0.17183801531791687,449.6602478027344,0.5278257727622986,0.024734776467084885,0.0024399731773883104
hybrid,Local,20260925,87838,1200,57.12942739808932,0.004361532996408641,0.03166845813393593,0.02200828306376934,0.26949402689933777,0.19320350885391235,505.5688171386719,0.5408477783203125,0.025867080315947533,0.0024399731773883104
hybrid,Local,20260926,87838,1200,76.3092139963992,0.005054383999668062,0.04014201834797859,0.027194710448384285,0.2966586649417877,0.25894615054130554,677.6021118164062,0.5180325508117676,0.024263489991426468,0.0024399731773883104
hybrid,Local,20260927,87838,620,64.5697021856904,0.004834432997740805,0.031501058489084244,0.02015761472284794,0.2584884762763977,0.2268688976764679,593.663330078125,0.5055064558982849,0.023930976167321205,0.0024399731773883104
hybrid,Local,20260928,87838,640,63.52358170039952,0.004563719998113811,0.03159423545002937,0.020567987114191055,0.26379159092903137,0.22052493691444397,577.0626831054688,0.49619626998901367,0.02357250079512596,0.0024399731773883104
hybrid,Local,20260929,87838,1180,63.33948470884934,0.0048446410009637475,0.0232000183314085,0.01617206074297428,0.2336665838956833,0.1405591368675232,367.8106689453125,0.5362535715103149,0.025232799351215363,0.0024399731773883104
hybrid,Local,20260930,87838,1160,58.09851318784058,0.004660994000732899,0.028807297348976135,0.018291238695383072,0.2482488751411438,0.21032117307186127,550.3617553710938,0.5621018409729004,0.02669130451977253,0.0024399731773883104
hybrid,Local,20260931,87838,1160,61.00223710341379,0.004707514997571707,0.03444859758019447,0.024084040895104408,0.29361069202423096,0.2072911113500595,542.432861328125,0.54084312915802,0.025657931342720985,0.0024399731773883104
hybrid,Local,20260932,87838,580,57.802926199976355,0.00468374999705702,0.02365998923778534,0.015245315618813038,0.23008477687835693,0.16829346120357513,440.385009765625,0.5228217840194702,0.02490256167948246,0.0024399731773883104
hybrid,Local,20260933,87838,1180,56.9536270131357,0.004594820998609066,0.025180602446198463,0.016823850572109222,0.24033614993095398,0.16713503003120422,437.3536682128906,0.5224198698997498,0.024755297228693962,0.0024399731773883104
hybrid,HFB,20260924,548638,780,98.08885170379654,0.007789468998089433,0.02454317919909954,0.015916261821985245,0.2401055097579956,0.17253834009170532,451.4928283691406,0.5438891649246216,0.025610512122511864,0.0024399731773883104
hybrid,HFB,20260925,548638,1140,98.7991244867444,0.008032048000022768,0.03239017724990845,0.02160087414085865,0.26701948046684265,0.21578606963157654,564.6621704101562,0.563683271408081,0.026796499267220497,0.0024399731773883104
hybrid,HFB,20260926,548638,900,101.62969649815932,0.008219074001535773,0.039010051637887955,0.026082433760166168,0.2932339608669281,0.25855234265327454,676.5715942382812,0.5349966287612915,0.02523108571767807,0.0024399731773883104
hybrid,HFB,20260927,548638,540,98.05736750690266,0.008131256001070142,0.031302496790885925,0.020137542858719826,0.2589056193828583,0.2232990562915802,584.3218994140625,0.516503095626831,0.024544812738895416,0.0024399731773883104
hybrid,HFB,20260928,548638,600,99.35703880153596,0.008794626998715104,0.03219391405582428,0.02102057635784149,0.2668900489807129,0.22346678376197815,584.7608032226562,0.5201187133789062,0.024747662246227264,0.0024399731773883104
hybrid,HFB,20260929,548638,860,103.09942920086905,0.008159853001125157,0.0238671712577343,0.01598815806210041,0.2341349720954895,0.15758025646209717,412.3509826660156,0.5397911071777344,0.02536129765212536,0.0024399731773883104
hybrid,HFB,20260930,548638,420,97.26464800303802,0.008085036003030836,0.026895903050899506,0.016526421532034874,0.24124731123447418,0.20738963782787323,542.6906127929688,0.569982647895813,0.02709224261343479,0.0024399731773883104
hybrid,HFB,20260931,548638,840,100.1288025029935,0.007811059998348355,0.03478101268410683,0.02341391332447529,0.2890215516090393,0.22734197974205017,594.9013061523438,0.5698938965797424,0.027066363021731377,0.0024399731773883104
hybrid,HFB,20260932,548638,580,96.66358150262386,0.007943803002126515,0.023375028744339943,0.014762905426323414,0.22731845080852509,0.17224246263504028,450.7186279296875,0.5391603112220764,0.02575070410966873,0.0024399731773883104
hybrid,HFB,20260933,548638,860,97.1882786010392,0.007844158001244068,0.025366563349962234,0.016742344945669174,0.2401624321937561,0.17248433828353882,451.3515930175781,0.5318715572357178,0.025267258286476135,0.0024399731773883104
hybrid,FNO12_matched,20260924,561591,80,45.18043949874118,0.0017318229982629418,0.1779085099697113,0.10609226673841476,0.6216397881507874,1.4363248348236084,3758.529052734375,1.1615617275238037,0.05543524771928787,0.0024399731773883104
hybrid,FNO12_matched,20260925,561591,80,45.0557179977186,0.0017899750033393501,0.1882636547088623,0.10224276036024094,0.60898756980896,1.720417857170105,4501.93505859375,1.21052885055542,0.05727512389421463,0.0024399731773883104
hybrid,FNO12_matched,20260926,561591,80,44.90592969581485,0.0016873660031706094,0.1843574047088623,0.10824978351593018,0.6276313066482544,1.522152304649353,3983.1201171875,1.1326189041137695,0.0537237748503685,0.0024399731773883104
hybrid,FNO12_matched,20260927,561591,80,44.112322696018964,0.0016276249988004564,0.17711398005485535,0.10287214815616608,0.6121525168418884,1.4848365783691406,3885.4736328125,1.1300010681152344,0.05373688042163849,0.0024399731773883104
hybrid,FNO12_matched,20260928,561591,80,45.77931220503524,0.0017071059998124839,0.17711132764816284,0.10387364029884338,0.6142978668212891,1.4647538661956787,3832.921875,1.210753083229065,0.05745481327176094,0.0024399731773883104
hybrid,FNO12_matched,20260929,561591,80,45.339346203021705,0.0016827089991420508,0.17313355207443237,0.10490591078996658,0.6197302341461182,1.3645528554916382,3570.71875,1.1707507371902466,0.05572308599948883,0.0024399731773883104
hybrid,FNO12_matched,20260930,561591,80,44.28954430250451,0.00169618499930948,0.17505982518196106,0.103864386677742,0.6159490346908569,1.4239089488983154,3726.0400390625,1.1476466655731201,0.054416075348854065,0.0024399731773883104
hybrid,FNO12_matched,20260931,561591,80,44.45474930712953,0.0016818440007045866,0.18292978405952454,0.10323735326528549,0.6149985790252686,1.5938485860824585,4170.73291015625,1.177008867263794,0.05605171620845795,0.0024399731773883104
hybrid,FNO12_matched,20260932,561591,80,44.506144592072815,0.0017155530024319887,0.1706535816192627,0.10240960866212845,0.612151026725769,1.3648793697357178,3571.5732421875,1.146846055984497,0.054463110864162445,0.0024399731773883104
hybrid,FNO12_matched,20260933,561591,80,44.38910580938682,0.001747297002002597,0.18107610940933228,0.10406254976987839,0.6155941486358643,1.5402710437774658,4030.5322265625,1.1893067359924316,0.05635726824402809,0.0024399731773883104
hybrid,FNO44_matched,20260924,558375,160,36.256899795494974,0.0018550189957022667,0.21328425407409668,0.10858101397752762,0.6295682191848755,2.094064712524414,5479.68212890625,1.290479302406311,0.06086362898349762,0.0024399731773883104
hybrid,FNO44_matched,20260925,558375,160,33.801828004419804,0.0017363590002059937,0.25194451212882996,0.11523447185754776,0.6458512544631958,2.7342004776000977,7154.76904296875,1.410286545753479,0.06698717176914215,0.0024399731773883104
hybrid,FNO44_matched,20260926,558375,140,35.16980480309576,0.0017874770006164908,0.24770870804786682,0.12210043519735336,0.666071355342865,2.5121655464172363,6573.75537109375,1.5103358030319214,0.07170051336288452,0.0024399731773883104
hybrid,FNO44_matched,20260927,558375,140,32.509112807456404,0.0016884989989921452,0.2483195662498474,0.1177171841263771,0.6550078392028809,2.6120476722717285,6835.12353515625,1.436098337173462,0.06807191669940948,0.0024399731773883104
hybrid,FNO44_matched,20260928,558375,160,35.05537429312244,0.00176299000158906,0.26306861639022827,0.10952653735876083,0.6320856809616089,3.0708417892456055,8035.681640625,1.368098497390747,0.06514433026313782,0.0024399731773883104
hybrid,FNO44_matched,20260929,558375,160,36.83164749760181,0.001824555001221597,0.2701812982559204,0.11689300090074539,0.6513731479644775,3.0657660961151123,8022.3994140625,1.5510783195495605,0.07352989166975021,0.0024399731773883104
hybrid,FNO44_matched,20260930,558375,160,32.894251306541264,0.0017657339992001653,0.2536717653274536,0.11353814601898193,0.6426093578338623,2.8026721477508545,7333.943359375,1.513583779335022,0.0716523677110672,0.0024399731773883104
hybrid,FNO44_matched,20260931,558375,140,32.60523039661348,0.0017393140029162168,0.24951036274433136,0.11770330369472504,0.6561875343322754,2.636141061782837,6898.1708984375,1.4385578632354736,0.06825605779886246,0.0024399731773883104
hybrid,FNO44_matched,20260932,558375,140,32.74699958413839,0.0016861000005155803,0.22468486428260803,0.11030179262161255,0.6358475685119629,2.287661552429199,5986.28076171875,1.2970333099365234,0.061519037932157516,0.0024399731773883104
hybrid,FNO44_matched,20260933,558375,180,33.08067910419777,0.0016860119998455048,0.23747971653938293,0.10833006352186203,0.627001166343689,2.5829927921295166,6759.09423828125,1.3478233814239502,0.06371847540140152,0.0024399731773883104
hybrid,HFS_Core,20260924,87338,1200,60.00514880241826,0.004738210001960397,0.031069189310073853,0.019814573228359222,0.2612537145614624,0.2250923216342926,589.0144653320312,0.5202250480651855,0.02473139762878418,0.0024399731773883104
hybrid,HFS_Core,20260925,87338,220,56.11488990439102,0.0042890229960903525,0.030817478895187378,0.019396860152482986,0.2651668190956116,0.22841238975524902,597.7022705078125,0.5483072996139526,0.025685198605060577,0.0024399731773883104
hybrid,HFS_Core,20260926,87338,420,59.27675800351426,0.004576276000589133,0.040547341108322144,0.024408088997006416,0.29117369651794434,0.32278499007225037,844.6535034179688,0.5766173005104065,0.027100175619125366,0.0024399731773883104
hybrid,HFS_Core,20260927,87338,1140,57.29096660297364,0.004497441002167761,0.04447520524263382,0.030253900215029716,0.30750328302383423,0.28442612290382385,744.27734375,0.5625256299972534,0.02638699859380722,0.0024399731773883104
hybrid,HFS_Core,20260928,87338,380,60.588889211416245,0.004416680000722408,0.03627265244722366,0.025034764781594276,0.29097962379455566,0.22475774586200714,588.1388549804688,0.5725928544998169,0.026899434626102448,0.0024399731773883104
hybrid,HFS_Core,20260929,87338,560,56.82769879559055,0.004293197998777032,0.03545419126749039,0.02143397368490696,0.2688925862312317,0.28040435910224915,733.7531127929688,0.5860514640808105,0.0273519828915596,0.0024399731773883104
hybrid,HFS_Core,20260930,87338,400,56.06290190014988,0.0043580799968913194,0.03903616592288017,0.024965597316622734,0.28605321049690247,0.281411349773407,736.3882446289062,0.6291743516921997,0.029048414900898933,0.0024399731773883104
hybrid,HFS_Core,20260931,87338,1200,54.19046880211681,0.0041828610002994536,0.04302946850657463,0.027770593762397766,0.3103910982608795,0.3051775097846985,798.5787963867188,0.5548548698425293,0.026055868715047836,0.0024399731773883104
hybrid,HFS_Core,20260932,87338,1140,55.383105396293104,0.004033855996094644,0.02707371860742569,0.018356986343860626,0.2572336792945862,0.17433463037014008,456.193359375,0.5063755512237549,0.02413671836256981,0.0024399731773883104
hybrid,HFS_Core,20260933,87338,300,55.55292970314622,0.004095151000656188,0.02753760665655136,0.01663891412317753,0.24260848760604858,0.21797384321689606,570.3870849609375,0.5612913370132446,0.02627730555832386,0.0024399731773883104
pde,Core,20260924,87298,1200,54.68513779481873,0.003808738999068737,0.019643288105726242,3.8180644512176514,3.8442039489746094,0.019643288105726242,51.40193176269531,2.995636463165283,0.14173218607902527,0.0024399731773883104
pde,Core,20260925,87298,1200,60.085091198794544,0.004745822004042566,0.019970618188381195,1.5770072937011719,2.468611717224121,0.019970618188381195,52.25848388671875,1.7760014533996582,0.083758145570755,0.0024399731773883104
pde,Core,20260926,87298,1200,48.44264979567379,0.003397862003184855,0.019291477277874947,1.0101773738861084,1.9819538593292236,0.019291477277874947,50.481319427490234,1.107540488243103,0.05234754458069801,0.0024399731773883104
pde,Core,20260927,87298,1200,54.78993630129844,0.003799074003472924,0.04806862026453018,0.47925153374671936,1.350337266921997,0.04806862026453018,125.78443908691406,0.8103730082511902,0.03873854875564575,0.0024399731773883104
pde,Core,20260928,87298,1200,51.61866749916226,0.003482140004634857,0.019243702292442322,1.6082959175109863,2.495256185531616,0.019243702292442322,50.35630798339844,1.5044045448303223,0.07104317843914032,0.0024399731773883104
pde,Core,20260929,87298,1200,50.24939981056377,0.0036392829986289146,0.022869976237416267,1.3313318490982056,2.276154041290283,0.022869976237416267,59.84543228149414,1.6108235120773315,0.07605147361755371,0.0024399731773883104
pde,Core,20260930,87298,1200,50.401467697229236,0.0035863539995625617,0.030621416866779327,0.6947923302650452,1.635852336883545,0.030621416866779327,80.129150390625,0.9845151305198669,0.04637826979160309,0.0024399731773883104
pde,Core,20260931,87298,1200,49.4333524024114,0.0034634859999641775,0.03595898672938347,0.9950682520866394,1.9656524658203125,0.03595898672938347,94.09632873535156,1.1873128414154053,0.05632408335804939,0.0024399731773883104
pde,Core,20260932,87298,1200,48.59287618799135,0.0035352820018306375,0.019702106714248657,1.323967456817627,2.2628893852233887,0.019702106714248657,51.55584716796875,1.3661619424819946,0.06456416845321655,0.0024399731773883104
pde,Core,20260933,87298,1200,49.76615630276501,0.0035250499984249475,0.02422536537051201,1.124937891960144,2.0896947383880615,0.02422536537051201,63.39216995239258,1.2094321250915527,0.05717410892248154,0.0024399731773883104
pde,Band,20260924,548098,1200,95.19077820051461,0.0068640760006383065,0.018384002149105072,3.678867816925049,3.7736306190490723,0.018384002149105072,48.10667037963867,2.895388126373291,0.13698184490203857,0.0024399731773883104
pde,Band,20260925,548098,1200,88.65681169740856,0.006872244998812675,0.017017556354403496,1.119148850440979,2.079930305480957,0.017017556354403496,44.53099822998047,1.5219149589538574,0.07194969058036804,0.0024399731773883104
pde,Band,20260926,548098,1200,86.97140209050849,0.006693091997876763,0.01856119930744171,0.8295261263847351,1.7970328330993652,0.01856119930744171,48.57036209106445,1.0128422975540161,0.047915905714035034,0.0024399731773883104
pde,Band,20260927,548098,1200,97.71751208836213,0.007084751999936998,0.041575755923986435,0.33396604657173157,1.1283864974975586,0.041575755923986435,108.79412078857422,0.7919822931289673,0.03799176961183548,0.0024399731773883104
pde,Band,20260928,548098,1200,99.46289240615442,0.007339886999689043,0.017690282315015793,1.2134405374526978,2.167632579803467,0.017690282315015793,46.29137420654297,1.3419114351272583,0.06349405646324158,0.0024399731773883104
pde,Band,20260929,548098,1200,93.5160246049054,0.007080681002698839,0.021014053374528885,1.1182647943496704,2.0867905616760254,0.021014053374528885,54.988914489746094,1.4770417213439941,0.07000142335891724,0.0024399731773883104
pde,Band,20260930,548098,1200,91.74824920017272,0.007157584000378847,0.028634248301386833,0.576572060585022,1.4911078214645386,0.028634248301386833,74.92919158935547,0.9018042087554932,0.042692188173532486,0.0024399731773883104
pde,Band,20260931,548098,1200,90.0219308086671,0.007832574001513421,0.03414133936166763,0.7495649456977844,1.7063796520233154,0.03414133936166763,89.33998107910156,1.087457537651062,0.051599156111478806,0.0024399731773883104
pde,Band,20260932,548098,1200,90.61033079959452,0.006866569998674094,0.019388414919376373,1.0609970092773438,2.0255274772644043,0.019388414919376373,50.73499298095703,1.2791616916656494,0.060705773532390594,0.0024399731773883104
pde,Band,20260933,548098,1200,89.2152559030801,0.0069134559994563465,0.02253657765686512,0.9450304508209229,1.9153540134429932,0.02253657765686512,58.97300720214844,1.1161004304885864,0.05282671004533768,0.0024399731773883104
pde,Local,20260924,87838,1200,60.460063002072275,0.004846300999633968,0.018587367609143257,2.0046424865722656,2.7787461280822754,0.018587367609143257,48.63883590698242,2.1515634059906006,0.10182110965251923,0.0024399731773883104
pde,Local,20260925,87838,1200,58.14246359933168,0.004447053000330925,0.01640642061829567,0.8061582446098328,1.7637476921081543,0.01640642061829567,42.93180465698242,1.2002747058868408,0.05658243969082832,0.0024399731773883104
pde,Local,20260926,87838,1200,62.903453793376684,0.00467301799915731,0.015936460345983505,1.2047284841537476,2.1577680110931396,0.015936460345983505,41.702022552490234,1.2873964309692383,0.06078525632619858,0.0024399731773883104
pde,Local,20260927,87838,1200,61.002761107869446,0.004967968999408185,0.044002942740917206,0.2548454999923706,0.9879700541496277,0.044002942740917206,115.1455078125,0.8091663718223572,0.03858320787549019,0.0024399731773883104
pde,Local,20260928,87838,1200,60.13559149671346,0.004585751998238265,0.01862250827252865,0.798224687576294,1.7579090595245361,0.01862250827252865,48.73078536987305,1.0577402114868164,0.04999072849750519,0.0024399731773883104
pde,Local,20260929,87838,1200,62.42795650847256,0.004638775996863842,0.019972383975982666,1.0398883819580078,2.0046067237854004,0.019972383975982666,52.26310348510742,1.2749584913253784,0.06019807234406471,0.0024399731773883104
pde,Local,20260930,87838,1200,57.61804079590365,0.00433716599829495,0.020979851484298706,0.649596631526947,1.5859423875808716,0.020979851484298706,54.8994140625,0.9980945587158203,0.047167059034109116,0.0024399731773883104
pde,Local,20260931,87838,1200,57.83032379858196,0.00468451900407672,0.03141643851995468,0.8533861637115479,1.8162767887115479,0.03141643851995468,82.20954132080078,1.060110092163086,0.05022723972797394,0.0024399731773883104
pde,Local,20260932,87838,1200,57.555378509219736,0.004498951998539269,0.01958404667675495,1.1701395511627197,2.124192714691162,0.01958404667675495,51.246910095214844,1.25373113155365,0.05907268077135086,0.0024399731773883104
pde,Local,20260933,87838,1200,57.33033170038834,0.004563645999878645,0.018407167866826057,0.9019726514816284,1.8694976568222046,0.018407167866826057,48.16728973388672,1.1510426998138428,0.0543619841337204,0.0024399731773883104
pde,HFB,20260924,548638,1200,100.52886058948934,0.007856687996536493,0.01986764185130596,1.9655426740646362,2.750762462615967,0.01986764185130596,51.989013671875,2.2495322227478027,0.1064506322145462,0.0024399731773883104
pde,HFB,20260925,548638,1200,99.80676469486207,0.008156061000190675,0.016288267448544502,0.8660805225372314,1.8280954360961914,0.016288267448544502,42.62261962890625,1.295292615890503,0.061186518520116806,0.0024399731773883104
pde,HFB,20260926,548638,1200,101.1574360942468,0.007882171999663115,0.01799939200282097,1.0464063882827759,2.0108771324157715,0.01799939200282097,47.10023880004883,1.2020330429077148,0.05671985074877739,0.0024399731773883104
pde,HFB,20260927,548638,1200,95.62978188646957,0.007630634000524879,0.04567153751850128,0.26038339734077454,0.9981362819671631,0.04567153751850128,119.51183319091797,0.7998635768890381,0.03819414973258972,0.0024399731773883104
pde,HFB,20260928,548638,1200,104.8391826916486,0.008593401000835001,0.019422315061092377,0.8830059766769409,1.8480889797210693,0.019422315061092377,50.823699951171875,1.1565697193145752,0.0545695535838604,0.0024399731773883104
pde,HFB,20260929,548638,1200,105.83614019909874,0.008924205000512301,0.02001725323498249,1.2350538969039917,2.1858465671539307,0.02001725323498249,52.380516052246094,1.4253572225570679,0.06728716939687729,0.0024399731773883104
pde,HFB,20260930,548638,1200,97.43838090030476,0.007800559997558593,0.02216498553752899,0.721301257610321,1.6703647375106812,0.02216498553752899,58.00063705444336,1.0785174369812012,0.05098242685198784,0.0024399731773883104
pde,HFB,20260931,548638,1200,97.44180220691487,0.007793010999448597,0.03460562974214554,0.8306025266647339,1.7929452657699585,0.03460562974214554,90.5549087524414,1.0656659603118896,0.05050826072692871,0.0024399731773883104
pde,HFB,20260932,548638,1200,97.85344118857756,0.007750031002797186,0.018934199586510658,1.4369179010391235,2.35585880279541,0.018934199586510658,49.54641342163086,1.3888251781463623,0.06565479189157486,0.0024399731773883104
pde,HFB,20260933,548638,1200,96.47403769101948,0.008173530003987253,0.020011065527796745,0.8565868735313416,1.8208645582199097,0.020011065527796745,52.36431884765625,1.127272605895996,0.05325136333703995,0.0024399731773883104
pde,FNO12_matched,20260924,561591,220,46.25973519869149,0.0017516319965943693,0.873778223991394,0.5805109739303589,1.493066430091858,0.873778223991394,2286.475341796875,1.0584934949874878,0.05067358911037445,0.0024399731773883104
pde,FNO12_matched,20260925,561591,160,46.28627330204472,0.0017484440002590417,0.7595980167388916,0.5346472859382629,1.4265367984771729,0.7595980167388916,1987.6922607421875,0.9636214375495911,0.04539952427148819,0.0024399731773883104
pde,FNO12_matched,20260926,561591,120,44.84446361195296,0.001800194000825286,0.9852806329727173,0.35830631852149963,1.1552799940109253,0.9852806329727173,2578.251220703125,1.0637513399124146,0.0508728101849556,0.0024399731773883104
pde,FNO12_matched,20260927,561591,180,44.262458191718906,0.0017018429981544613,0.8973219990730286,0.45027437806129456,1.3172005414962769,0.8973219990730286,2348.083740234375,1.0343763828277588,0.04916161298751831,0.0024399731773883104
pde,FNO12_matched,20260928,561591,180,45.61497189942747,0.001743299001827836,0.8019864559173584,0.6493135094642639,1.5699341297149658,0.8019864559173584,2098.613037109375,1.0576027631759644,0.050061993300914764,0.0024399731773883104
pde,FNO12_matched,20260929,561591,240,45.29438220337033,0.001707667000591755,0.86050945520401,0.6954300999641418,1.6308540105819702,0.86050945520401,2251.75390625,1.1356925964355469,0.053714919835329056,0.0024399731773883104
pde,FNO12_matched,20260930,561591,160,44.38636500714347,0.0017034519976004958,0.9016904830932617,0.4107065200805664,1.255406141281128,0.9016904830932617,2359.51513671875,0.9730358123779297,0.046165771782398224,0.0024399731773883104
pde,FNO12_matched,20260931,561591,440,44.33829649910331,0.001684708995744586,0.8915037512779236,0.67436283826828,1.610391616821289,0.8915037512779236,2332.85888671875,1.0895321369171143,0.05162648484110832,0.0024399731773883104
pde,FNO12_matched,20260932,561591,180,44.4864877932705,0.0017131460038945078,0.7566965222358704,0.5415984392166138,1.4419455528259277,0.7566965222358704,1980.0992431640625,1.0850200653076172,0.05116472393274307,0.0024399731773883104
pde,FNO12_matched,20260933,561591,160,44.394293492194265,0.0017646449990570544,0.8623215556144714,0.4837617874145508,1.3467837572097778,0.8623215556144714,2256.49560546875,0.9731261134147644,0.046320438385009766,0.0024399731773883104
pde,FNO44_matched,20260924,558375,120,34.10575269209221,0.0016523799998685717,1.2624332904815674,0.21243159472942352,0.8779183030128479,1.2624332904815674,3303.49560546875,1.4646828174591064,0.07044549286365509,0.0024399731773883104
pde,FNO44_matched,20260925,558375,260,32.5283548082225,0.0016502099996432663,1.2157468795776367,0.5640794038772583,1.4655721187591553,1.2157468795776367,3181.328369140625,1.143012285232544,0.05439988896250725,0.0024399731773883104
pde,FNO44_matched,20260926,558375,160,35.02183200325817,0.0018384800013154746,1.5134419202804565,0.34046685695648193,1.1346189975738525,1.5134419202804565,3960.326904296875,1.187920093536377,0.0568389892578125,0.0024399731773883104
pde,FNO44_matched,20260927,558375,120,33.403693105559796,0.0018016040045768023,1.2715332508087158,0.32695865631103516,1.1098368167877197,1.2715332508087158,3327.30810546875,1.3291629552841187,0.06376204639673233,0.0024399731773883104
pde,FNO44_matched,20260928,558375,140,35.12833609851077,0.0017671790020540356,1.2762857675552368,0.4899930953979492,1.3715568780899048,1.2762857675552368,3339.744384765625,1.283830165863037,0.061488524079322815,0.0024399731773883104
pde,FNO44_matched,20260929,558375,180,33.64428468653932,0.001770180999301374,0.9782192707061768,0.42376938462257385,1.255772590637207,0.9782192707061768,2559.7734375,1.2063710689544678,0.05774101987481117,0.0024399731773883104
pde,FNO44_matched,20260930,558375,120,32.51603650394827,0.0017303179996088147,1.0777533054351807,0.17438337206840515,0.7999446392059326,1.0777533054351807,2820.23095703125,1.3039610385894775,0.06258996576070786,0.0024399731773883104
pde,FNO44_matched,20260931,558375,120,32.79615831375122,0.001729818000458181,1.2711575031280518,0.18558035790920258,0.8229957818984985,1.2711575031280518,3326.324462890625,1.1717796325683594,0.056190550327301025,0.0024399731773883104
pde,FNO44_matched,20260932,558375,140,32.38234330760315,0.001704020001925528,1.2483865022659302,0.37165817618370056,1.1761510372161865,1.2483865022659302,3266.738037109375,1.2214936017990112,0.05783521756529808,0.0024399731773883104
pde,FNO44_matched,20260933,558375,220,33.06452129455283,0.0017323089996352792,0.9375643134117126,0.5580089688301086,1.4626309871673584,0.9375643134117126,2453.388427734375,1.1972687244415283,0.05706840753555298,0.0024399731773883104
pde,HFS_Core,20260924,87338,1200,57.72369680786505,0.004612464997917414,0.04069772735238075,2.629236936569214,3.1907620429992676,0.04069772735238075,106.49652862548828,2.4287586212158203,0.114873006939888,0.0024399731773883104
pde,HFS_Core,20260925,87338,1200,61.91325039463118,0.004184404998086393,0.0243681613355875,1.4560495615005493,2.3711743354797363,0.0243681613355875,63.76583480834961,1.550017237663269,0.07312054932117462,0.0024399731773883104
pde,HFS_Core,20260926,87338,1200,58.65882290806621,0.004246280998922884,0.02388724498450756,1.5144702196121216,2.4183921813964844,0.02388724498450756,62.507389068603516,1.561445951461792,0.07370516657829285,0.0024399731773883104
pde,HFS_Core,20260927,87338,1200,60.600276292767376,0.0045139069994911555,0.053897958248853683,0.3845445215702057,1.2101185321807861,0.053897958248853683,141.03846740722656,0.9707621335983276,0.04587697982788086,0.0024399731773883104
pde,HFS_Core,20260928,87338,1200,55.146034815814346,0.004218938001431524,0.026219412684440613,0.9211803078651428,1.8862279653549194,0.026219412684440613,68.6101303100586,1.2200589179992676,0.057545579969882965,0.0024399731773883104
pde,HFS_Core,20260929,87338,1200,53.741964895278215,0.0041676880000159145,0.030818650498986244,1.2218376398086548,2.173415184020996,0.030818650498986244,80.64527130126953,1.4184573888778687,0.06670402735471725,0.0024399731773883104
pde,HFS_Core,20260930,87338,1200,59.43524219561368,0.004398271003738046,0.03244512155652046,1.275012493133545,2.217735528945923,0.03244512155652046,84.9013671875,1.4298945665359497,0.06740394234657288,0.0024399731773883104
pde,HFS_Core,20260931,87338,1200,55.482526791282,0.004187648999504745,0.04468338191509247,0.6658588647842407,1.6039824485778809,0.04468338191509247,116.92607116699219,0.9498918056488037,0.04509451240301132,0.0024399731773883104
pde,HFS_Core,20260932,87338,1200,53.97779779834673,0.004178281999193132,0.023271212354302406,1.0211647748947144,1.9860464334487915,0.023271212354302406,60.89537048339844,1.2188924551010132,0.05740630626678467,0.0024399731773883104
pde,HFS_Core,20260933,87338,1200,57.448757600504905,0.0042847730033099656,0.028942575678229332,0.9493412375450134,1.919551134109497,0.028942575678229332,75.73601531982422,1.2065532207489014,0.05726286768913269,0.0024399731773883104
