mode,variant,seed,field_rmse,high_rmse
pde,Core,20260924,1.9536884437757465,0.07199857441454845
pde,Core,20260925,1.2556939331171388,0.042507392762022304
pde,Core,20260926,1.0043566068683996,0.02655018081946334
pde,Core,20260927,0.6908584520028189,0.0200847092834466
pde,Core,20260928,1.2679801103012855,0.036148199555164316
pde,Core,20260929,1.1528721738059604,0.03850743129327952
pde,Core,20260930,0.8335217852938415,0.02354096037506782
pde,Core,20260931,0.997078266232567,0.028485182842117193
pde,Core,20260932,1.15049116171815,0.0327884859230014
pde,Core,20260933,1.0601776274700783,0.02902327346705187
pde,Band,20260924,1.917732016911828,0.06960038724345959
pde,Band,20260925,1.0577945200353291,0.03649443383102743
pde,Band,20260926,0.9099414886273515,0.024260452199750315
pde,Band,20260927,0.5766786061969421,0.01971373102031564
pde,Band,20260928,1.101374256223793,0.03228171438994535
pde,Band,20260929,1.056464265465976,0.03544154674769222
pde,Band,20260930,0.7592843705710806,0.021735560102004177
pde,Band,20260931,0.8653139690050895,0.026198931114171875
pde,Band,20260932,1.0299368111208604,0.030883029152346437
pde,Band,20260933,0.9717064566168028,0.026836472463622623
pde,Local,20260924,1.4158529993095819,0.05169536007543768
pde,Local,20260925,0.8978322503632173,0.02864222673089311
pde,Local,20260926,1.097504855337744,0.030910357916224568
pde,Local,20260927,0.5046294056056749,0.0200712231144125
pde,Local,20260928,0.8932657573638051,0.02539287227397438
pde,Local,20260929,1.019658774121756,0.0305161880666288
pde,Local,20260930,0.8057973524171109,0.023848224267913616
pde,Local,20260931,0.9237062798280412,0.02548896518394625
pde,Local,20260932,1.0817141314177503,0.030125268743704026
pde,Local,20260933,0.949476495436592,0.027581718418526167
pde,HFB,20260924,1.401975526585434,0.05400501876521349
pde,HFB,20260925,0.9306039296566079,0.030999087895523192
pde,HFB,20260926,1.0228527513643881,0.028845443636766405
pde,HFB,20260927,0.5101041403587474,0.019846938037179164
pde,HFB,20260928,0.9395572237083105,0.02775175609741382
pde,HFB,20260929,1.1111657220706566,0.03413364108561602
pde,HFB,20260930,0.8491684697243679,0.025848991933500057
pde,HFB,20260931,0.9112275439745959,0.02566245537207264
pde,HFB,20260932,1.1986427612530615,0.0334146234235237
pde,HFB,20260933,0.9253403969904268,0.027022891574840096
pde,FNO12_matched,20260924,0.761838817129415,0.02684747813765575
pde,FNO12_matched,20260925,0.7303497985125345,0.023968130652211705
pde,FNO12_matched,20260926,0.5957172908781057,0.026937148812230305
pde,FNO12_matched,20260927,0.6707917195802888,0.026183248781979033
pde,FNO12_matched,20260928,0.8045028478438553,0.026247279726267957
pde,FNO12_matched,20260929,0.833423401161635,0.027958817783194857
pde,FNO12_matched,20260930,0.6405207540804572,0.024431271850207346
pde,FNO12_matched,20260931,0.8210034012977131,0.02706393278251993
pde,FNO12_matched,20260932,0.7355902154283234,0.026636982785595592
pde,FNO12_matched,20260933,0.6931161347882349,0.024436472944794153
pde,FNO44_matched,20260924,0.45480925923787935,0.03764859209548187
pde,FNO44_matched,20260925,0.7505184538029448,0.02882871575105195
pde,FNO44_matched,20260926,0.5818820914981524,0.030240975156384912
pde,FNO44_matched,20260927,0.5706255199091131,0.03409612213643404
pde,FNO44_matched,20260928,0.6993779592875216,0.03269617191482421
pde,FNO44_matched,20260929,0.647954297455392,0.030554703600815625
pde,FNO44_matched,20260930,0.41408817754777527,0.03333503009150775
pde,FNO44_matched,20260931,0.4269009801422931,0.029802339334430425
pde,FNO44_matched,20260932,0.6073247840361333,0.030508529680162724
pde,FNO44_matched,20260933,0.7464023302700775,0.030203540039371667
pde,HFS_Core,20260924,1.6211993751584663,0.05824316595964193
pde,HFS_Core,20260925,1.2066076935265264,0.037309510164475236
pde,HFS_Core,20260926,1.2305814740220387,0.037551544403676265
pde,HFS_Core,20260927,0.6196324003605065,0.023949437034225918
pde,HFS_Core,20260928,0.9597284459421995,0.029214505177622304
pde,HFS_Core,20260929,1.1052126044592891,0.03385014609180288
pde,HFS_Core,20260930,1.1291432948643512,0.034220217651384666
pde,HFS_Core,20260931,0.8158719370637537,0.022948291768906993
pde,HFS_Core,20260932,1.0104610124428273,0.02930445038633498
pde,HFS_Core,20260933,0.9739261118458221,0.02902793511238955
hybrid,Core,20260924,0.10828316838525967,0.013005293881484066
hybrid,Core,20260925,0.12399370980107378,0.014810836377813686
hybrid,Core,20260926,0.14607408154411344,0.013056071980541269
hybrid,Core,20260927,0.15021008440667524,0.0151329653313266
hybrid,Core,20260928,0.12835415285943025,0.01249692145886976
hybrid,Core,20260929,0.13328715722637896,0.01313383115296008
hybrid,Core,20260930,0.13211338732278502,0.01341430625887479
hybrid,Core,20260931,0.14618657836291934,0.012933372351238656
hybrid,Core,20260932,0.1231123858344684,0.012282245647209337
hybrid,Core,20260933,0.12139911029132475,0.013199799187260507
hybrid,Band,20260924,0.10830780352999463,0.013850939251168957
hybrid,Band,20260925,0.12437215076410552,0.015428021964695993
hybrid,Band,20260926,0.14593669513625834,0.01352142709797769
hybrid,Band,20260927,0.1494110347195474,0.014665338409110735
hybrid,Band,20260928,0.1291117770813523,0.012536046712436338
hybrid,Band,20260929,0.12848184611999938,0.013632616639256953
hybrid,Band,20260930,0.13144232199610564,0.013790280985913932
hybrid,Band,20260931,0.14750434277429558,0.013634998079041324
hybrid,Band,20260932,0.12190358635805425,0.0127392953564265
hybrid,Band,20260933,0.12266161900716245,0.01396300011721868
hybrid,Local,20260924,0.1258730340955242,0.012869323417505586
hybrid,Local,20260925,0.1430533194015363,0.013548379104051836
hybrid,Local,20260926,0.15825008627772305,0.012989318202577347
hybrid,Local,20260927,0.13702293689577955,0.01274813334428717
hybrid,Local,20260928,0.13931448539804248,0.012367272036803573
hybrid,Local,20260929,0.12355412579996705,0.013344556278625498
hybrid,Local,20260930,0.1314117691049695,0.014071503654066037
hybrid,Local,20260931,0.15317259402834252,0.01332708908867782
hybrid,Local,20260932,0.1208538571675409,0.013069184243525801
hybrid,Local,20260933,0.12672421764535804,0.013160776819217873
hybrid,HFB,20260924,0.12489805143618374,0.013313174268117978
hybrid,HFB,20260925,0.14172084667446905,0.014110756956180772
hybrid,HFB,20260926,0.1558726898591281,0.013452188459201979
hybrid,HFB,20260927,0.13709226253135265,0.013003707159096975
hybrid,HFB,20260928,0.1409353398499017,0.01296182965886086
hybrid,HFB,20260929,0.12344730259305345,0.013335852459697813
hybrid,HFB,20260930,0.1263982794629138,0.014186614240088397
hybrid,HFB,20260931,0.15096413052975574,0.014084639261712696
hybrid,HFB,20260932,0.11918284286344749,0.013440723853320232
hybrid,HFB,20260933,0.126575075075683,0.013380636898211382
hybrid,FNO12_matched,20260924,0.32168518871815577,0.029086302410345273
hybrid,FNO12_matched,20260925,0.31588565281411496,0.03027756013761275
hybrid,FNO12_matched,20260926,0.3253508011309375,0.028224342178810972
hybrid,FNO12_matched,20260927,0.3171490330590067,0.02820485597031431
hybrid,FNO12_matched,20260928,0.31826554648440464,0.03033045972187421
hybrid,FNO12_matched,20260929,0.3206957872797938,0.02927342532729201
hybrid,FNO12_matched,20260930,0.3185462313152051,0.028594334857081856
hybrid,FNO12_matched,20260931,0.31777785269709413,0.029556574933576413
hybrid,FNO12_matched,20260932,0.31648881502822135,0.028690834217692023
hybrid,FNO12_matched,20260933,0.3185276947808693,0.029665476745326325
hybrid,FNO44_matched,20260924,0.32551319446520444,0.03225524425691989
hybrid,FNO44_matched,20260925,0.3345824286707894,0.03581647050918718
hybrid,FNO44_matched,20260926,0.3453234746953462,0.03853887659238018
hybrid,FNO44_matched,20260927,0.33932017378709756,0.03620528423967605
hybrid,FNO44_matched,20260928,0.32664743856419753,0.034599804499410344
hybrid,FNO44_matched,20260929,0.3380254571620196,0.03950512484873791
hybrid,FNO44_matched,20260930,0.3329442094426579,0.038347155951200654
hybrid,FNO44_matched,20260931,0.3395226219547762,0.03641763169425011
hybrid,FNO44_matched,20260932,0.32838173986672264,0.03264760170805676
hybrid,FNO44_matched,20260933,0.32499061414319896,0.03387713670878266
hybrid,HFS_Core,20260924,0.1373992226699233,0.013028347264815072
hybrid,HFS_Core,20260925,0.13802863239874485,0.013553016445583776
hybrid,HFS_Core,20260926,0.15319661782044308,0.014254387608301793
hybrid,HFS_Core,20260927,0.16517819316683716,0.014066909007513503
hybrid,HFS_Core,20260928,0.15380462098138983,0.014003460599531347
hybrid,HFS_Core,20260929,0.14238818713934726,0.014611332176531423
hybrid,HFS_Core,20260930,0.15212140590240938,0.015401033976106747
hybrid,HFS_Core,20260931,0.16334922743970434,0.01376760524089942
hybrid,HFS_Core,20260932,0.13368141714349063,0.012859208573760087
hybrid,HFS_Core,20260933,0.127032618339041,0.013940897712054054
